Threads,Time
1,6.78777
4,1.66861
8,0.981148
16,0.732202
24,0.616354
32,0.57888
48,0.614281
64,0.595757
96,0.581356
128,0.577319
192,0.56442
256,0.568931
384,0.564493
